{"cameraMode":{"drawMode":0,"name":"Shaded","section":"Shading Mode"},"sceneLighting":true,"audioPlay":false,"sceneViewState":{"showFog":true,"showMaterialUpdate":false,"showSkybox":true,"showFlares":true,"showImageEffects":true,"showParticleSystems":true},"in2DMode":false,"pivot":{"x":182.77151489257813,"y":8.402763366699219,"z":67.17596435546875},"rotation":{"x":0.020353881642222406,"y":-0.8725466132164002,"z":-0.03637539967894554,"w":-0.4869016408920288},"size":91.82054138183594,"orthographic":false}